{
  "logistic_regression": {
    "input_size": 10,
    "num_classes": 6,
    "learning_rate": 0.1,
    "weights": [
      [
        -1.8413276235982976,
        -0.7113171446470227,
        -0.4923890151476831,
        0.07309276772161193,
        -0.04477405331524005,
        -0.5501370574219813,
        -0.7832264748108823,
        -1.330376538167085,
        -2.8904053155956504,
        -1.9375147027003212,
        -2.2427603564170644
      ],
      [
        -0.6473330667785546,
        0.1929966530244953,
        0.07053641738195354,
        0.0026779164397684628,
        -0.040661325437547295,
        -2.534343197689207,
        0.10772640006896618,
        -2.229054973010859,
        3.80086572533651,
        -0.9279325463895777,
        0.055916333929437186
      ],
      [
        0.26491795413207886,
        0.04472903928929713,
        0.10196041214232596,
        -0.06883180017491886,
        0.0008880117162695661,
        -0.6153820803590281,
        -0.3882854219624611,
        -1.6054234383413166,
        -1.3817809094119906,
        4.577053246029942,
        -0.1395742722344063
      ],
      [
        0.7769285111627362,
        -0.03340622744386238,
        0.04343212664842147,
        -0.08923197988516332,
        -0.06914227817267532,
        -2.4402573113295998,
        0.34385173801034535,
        4.9033521574522805,
        -0.7901309806824022,
        -0.3679078956963382,
        2.5456632451382886
      ],
      [
        1.3108104075424096,
        0.34498701838601215,
        0.1296337118348226,
        0.013978761443694773,
        0.12002455188627636,
        5.818023436587887,
        0.5936883646951707,
        0.060324011433830205,
        1.310822402274501,
        -1.4666567453785655,
        1.4309456317242268
      ],
      [
        0.16515510051034554,
        0.14641572266361308,
        0.10954813918120294,
        0.0023019904675743745,
        0.019971430159476656,
        0.3100361128670713,
        0.145877671277439,
        0.17096970884144702,
        -0.024945211919965286,
        0.1315514340724374,
        -1.6596127271505474
      ]
    ],
    "loss_history": [
      0.22498795465884125,
      0.14134908189712814,
      0.10838970049647197,
      0.09000758415367204,
      0.07800861938374552,
      0.06945948768050637,
      0.06299897689416774,
      0.05791391660274614,
      0.053789931683826626,
      0.050363902315456795,
      0.047460799363873644,
      0.04496629636761867,
      0.04279410223263403,
      0.04088397438005406,
      0.039188153723791024,
      0.03766824926297915,
      0.0362997895860473,
      0.035057118554083416,
      0.03392444160652113,
      0.03288665143675997,
      0.031930017692800516,
      0.03104613163688699,
      0.03022633305033676,
      0.029463665974671115,
      0.028751645679024922,
      0.028084636463611784,
      0.027459122106245827,
      0.026870358852963253,
      0.026315036181267928,
      0.02579057201075057,
      0.025294383052185797,
      0.024824033604686466,
      0.02437650522891448,
      0.02395082517811318,
      0.02354530006534003,
      0.02315813779683794,
      0.02278835290955458,
      0.022434599346768627,
      0.022095806419317063,
      0.02177084667514647,
      0.02145888405957859,
      0.021159051022240766,
      0.020870648535840836,
      0.0205930493893091,
      0.02032548790000416,
      0.020067490191710113,
      0.019818558678136783,
      0.019577960226564942,
      0.019345324260914495,
      0.019120417903802818,
      0.01890256815251384,
      0.018691631675985972,
      0.01848704348323663,
      0.018288867185006382,
      0.018096284139995065,
      0.017909308993123506,
      0.01772780061335132,
      0.01755124044275397,
      0.017379569720645135,
      0.01721251667932475,
      0.017049918829527905,
      0.016891545371787713,
      0.016737290807561225,
      0.016586959468680787,
      0.016440281949040382,
      0.016297259360750722,
      0.01615763019179772,
      0.01602136149225695,
      0.015888277950820068,
      0.015758170886689498,
      0.015631082143497784,
      0.015506818204148103,
      0.015385375988787468,
      0.015266474778509334,
      0.015150181403988808,
      0.015036292915959908,
      0.01492477905290615,
      0.014815552491027327,
      0.014708565173779064,
      0.01460369044158847,
      0.014500871695895163,
      0.014400117746376768,
      0.014301306168451232,
      0.01420436288977498,
      0.014109241019100644,
      0.014015879990890968,
      0.01392424966724537,
      0.013834279312181275,
      0.013745917703482146,
      0.013659130588141642,
      0.013573796496987527,
      0.013489989386230118,
      0.013407599470793922,
      0.013326595162240702,
      0.013246943711445787,
      0.013168627588538855,
      0.013091603550216477,
      0.0130158143145348,
      0.012941225533875595,
      0.01286785417113369
    ],
    "epoch_history": [
      0,
      1,
      2,
      3,
      4,
      5,
      6,
      7,
      8,
      9,
      10,
      11,
      12,
      13,
      14,
      15,
      16,
      17,
      18,
      19,
      20,
      21,
      22,
      23,
      24,
      25,
      26,
      27,
      28,
      29,
      30,
      31,
      32,
      33,
      34,
      35,
      36,
      37,
      38,
      39,
      40,
      41,
      42,
      43,
      44,
      45,
      46,
      47,
      48,
      49,
      50,
      51,
      52,
      53,
      54,
      55,
      56,
      57,
      58,
      59,
      60,
      61,
      62,
      63,
      64,
      65,
      66,
      67,
      68,
      69,
      70,
      71,
      72,
      73,
      74,
      75,
      76,
      77,
      78,
      79,
      80,
      81,
      82,
      83,
      84,
      85,
      86,
      87,
      88,
      89,
      90,
      91,
      92,
      93,
      94,
      95,
      96,
      97,
      98,
      99
    ]
  },
  "feature_stats": {
    "mean": [
      67.2952,
      19.556,
      16.2074,
      19.563,
      14.7002,
      1.8286,
      0.8886,
      5.4166,
      4.8334,
      4.4984
    ],
    "std": [
      34.993417337550675,
      13.535274803268699,
      13.82960538988731,
      11.459948996396108,
      8.583933827797145,
      2.133546821609489,
      1.146032303209638,
      4.928472830400933,
      3.6903718566020287,
      5.942053301679475
    ]
  },
  "accuracy": 0.166
}